<?xml version="1.0" encoding="UTF-8"?>
<beans xmlns="http://www.springframework.org/schema/beans"
	xmlns:xsi="http://www.w3.org/2001/XMLSchema-instance"
	xmlns:context="http://www.springframework.org/schema/context"
	xmlns:lang="http://www.springframework.org/schema/lang"
	xsi:schemaLocation="http://www.springframework.org/schema/beans http://www.springframework.org/schema/beans/spring-beans.xsd
		http://www.springframework.org/schema/context http://www.springframework.org/schema/context/spring-context-4.3.xsd
		http://www.springframework.org/schema/lang http://www.springframework.org/schema/lang/spring-lang-4.3.xsd">
		
	<bean id="jdbcContext" class="com.pcwk.ehr.JdbcContext">
	   <property name="dataSource" ref="dataSource"></property>
	</bean>
		
    <!-- SimpleDriverDataSource implements DataSource -->
    <bean id="dataSource" class="org.springframework.jdbc.datasource.SimpleDriverDataSource">
      <property name="driverClass" value="oracle.jdbc.driver.OracleDriver"/>
      <property name="url" value="jdbc:oracle:thin:@192.168.3.100:1521:xe"/>
      <property name="username" value="SPRING_PCWK"/>
      <property name="password" value="PCWK1234"/>
    </bean>
    
    <bean id="userDao" class="com.pcwk.ehr.UserDao">
      <property name="dataSource"  ref="dataSource"/>
      <property name="jdbcContext" ref="jdbcContext"></property>
    </bean>
    
    
</beans>
