<?xml version="1.0" encoding="UTF-8"?>
<beans xmlns="http://www.springframework.org/schema/beans"
	xmlns:xsi="http://www.w3.org/2001/XMLSchema-instance"
	xmlns:aop="http://www.springframework.org/schema/aop"
	xmlns:context="http://www.springframework.org/schema/context"
	xmlns:p="http://www.springframework.org/schema/p"
	xsi:schemaLocation="http://www.springframework.org/schema/beans http://www.springframework.org/schema/beans/spring-beans.xsd
		http://www.springframework.org/schema/context http://www.springframework.org/schema/context/spring-context-4.3.xsd
		http://www.springframework.org/schema/aop http://www.springframework.org/schema/aop/spring-aop-4.3.xsd">

    <!-- Target:MemberImple -->
    <bean id="memberImpl" class="com.pcwk.ehr.aspectj.MemberImpl" />
    
    <!-- Advice:부가기능 -->
    <bean id="loggingAop" class="com.pcwk.ehr.aspectj.LoggingAop" />
     
    <!-- 
       pointcut : 필터링
       * com.sist.ehr.aspect..*Impl.do*(..)
       
       * : return
       com.sist.ehr.aspect : 패키지
       ..: 하위에 모든것
       *Impl : Imple끝나는 클래스
       do*   : do로 시작하는
       (..)  : 모든 param
       
       aop:aspect : 포인트컷 + 어드바이스(advisor)
         aop:before : target이 실행되기 전에 advice수행
         aop:after : target이 수행된 이후 advice수행
         aop:around : target 실행전후:  advice수행 ex)트랜잭션, 성능측정
     -->
    <aop:config>
        <aop:pointcut expression="execution(* com.pcwk.ehr.aspectj..*Impl.do*(..))" id="allPointCut"/>
        <aop:aspect ref="loggingAop">
            <aop:before method="logging" pointcut-ref="allPointCut" />
        </aop:aspect>
    </aop:config>
     



</beans>
