<?xml version="1.0" encoding="UTF-8"?>
<beans xmlns="http://www.springframework.org/schema/beans"
	xmlns:xsi="http://www.w3.org/2001/XMLSchema-instance"
	xmlns:aop="http://www.springframework.org/schema/aop"
	xmlns:context="http://www.springframework.org/schema/context"
	xmlns:p="http://www.springframework.org/schema/p"
	xsi:schemaLocation="http://www.springframework.org/schema/beans http://www.springframework.org/schema/beans/spring-beans.xsd
		http://www.springframework.org/schema/aop http://www.springframework.org/schema/aop/spring-aop-4.3.xsd
		http://www.springframework.org/schema/context http://www.springframework.org/schema/context/spring-context-4.3.xsd">
    <bean id="memberImpl" class="com.pcwk.ehr.aspectj.MemberImpl" />
    
    <bean id="performanceDao" class="com.pcwk.ehr.aspectj.around.PerformanceDao" >
        <property name="dataSource" ref="dataSource"></property>
    </bean>
    
    <!-- SimpleDriverDataSource implements DataSource -->
    <bean id="dataSource"
        class="org.springframework.jdbc.datasource.SimpleDriverDataSource">
        <property name="driverClass"
            value="oracle.jdbc.driver.OracleDriver" />
        <property name="url"
            value="jdbc:oracle:thin:@192.168.3.100:1521:xe" />
        <property name="username" value="SPRING_PCWK" />
        <property name="password" value="PCWK1234" />
    </bean>
 
    <bean id="performanceAdvice" class="com.pcwk.ehr.aspectj.around.PerformanceAdvice">
        <property name="performanceDao" ref="performanceDao"></property>
    </bean>
    
    <aop:config>
        <aop:pointcut expression="execution(* com.pcwk.ehr.aspectj..*Impl.do*(..))" id="performancePointCut"/>
        <aop:aspect ref="performanceAdvice">
            <aop:around method="performanceLog" pointcut-ref="performancePointCut"/>
        </aop:aspect>
    </aop:config>   

</beans>
