<?xml version="1.0" encoding="UTF-8"?>
<beans xmlns="http://www.springframework.org/schema/beans"
	xmlns:xsi="http://www.w3.org/2001/XMLSchema-instance"
	xmlns:context="http://www.springframework.org/schema/context"
	xmlns:lang="http://www.springframework.org/schema/lang"
	xmlns:aop="http://www.springframework.org/schema/aop"
	xmlns:p="http://www.springframework.org/schema/p"
	xsi:schemaLocation="http://www.springframework.org/schema/beans http://www.springframework.org/schema/beans/spring-beans.xsd
		http://www.springframework.org/schema/context http://www.springframework.org/schema/context/spring-context-4.3.xsd
		http://www.springframework.org/schema/lang http://www.springframework.org/schema/lang/spring-lang-4.3.xsd
		http://www.springframework.org/schema/aop http://www.springframework.org/schema/aop/spring-aop-4.3.xsd">

	<!--4. JavaMailSenderImpl: 전송가능한 mail설정 -->
    <bean id="mailSenderImpl" class="org.springframework.mail.javamail.JavaMailSenderImpl">
        <property name="host" value="smtp.naver.com" />
        <property name="port" value="465" />
        <property name="username" value="jamesol@naver.com" />
        <property name="password" value="" />
        <property name="defaultEncoding" value="utf-8" />
        <property name="javaMailProperties">
            <props>
                <prop key="mail.smtp.host">smtp.naver.com</prop>
                <prop key="mail.smtp.port">465</prop>
                <prop key="mail.smtp.auth">true</prop>
                <prop key="mail.smtp.ssl.protocols">TLSv1.2</prop>
                <prop key="mail.smtp.ssl.enable">true</prop>
                <prop key="mail.smtp.ssl.trust">smtp.naver.com</prop>
                <prop key="mail.debug">true</prop>
            </props>
        </property>
    </bean>
	<!-- DummiMailSender -->
	<bean id="dummyMailSender" class="com.pcwk.ehr.DummyMailSender"></bean>
	<!-- 트랜잭션 Manager -->
	<bean id="transactionManager"
		class="org.springframework.jdbc.datasource.DataSourceTransactionManager">
		<property name="dataSource" ref="dataSource" />
	</bean>

	<!-- SimpleDriverDataSource implements DataSource -->
	<bean id="dataSource"
		class="org.springframework.jdbc.datasource.SimpleDriverDataSource">
		<property name="driverClass"
			value="oracle.jdbc.driver.OracleDriver" />
		<property name="url"
			value="jdbc:oracle:thin:@192.168.3.100:1521:xe" />
		<property name="username" value="SPRING_PCWK" />
		<property name="password" value="PCWK1234" />
	</bean>

	<!-- dao -->
	<bean id="userDao" class="com.pcwk.ehr.UserDaoImpl">
		<property name="dataSource" ref="dataSource" />
	</bean>



	<!-- service -->
	<bean id="userServiceImpl" class="com.pcwk.ehr.UserServiceImpl">
		<property name="userDao" ref="userDao" />
		<property name="dataSource" ref="dataSource" />
		<property name="transactionManager" ref="transactionManager" />
		<property name="mailSender" ref="mailSenderImpl"/>
	</bean>
	
	<bean id="userServiceTx" class="com.pcwk.ehr.UserServiceTx">
	   <property name="transactionManager" ref="transactionManager"/>
	   <property name="userService" ref="userServiceImpl" />
	</bean>
	
	
	
	
	
	
	
</beans>
