<?xml version="1.0" encoding="UTF-8"?>
<beans xmlns="http://www.springframework.org/schema/beans"
	xmlns:xsi="http://www.w3.org/2001/XMLSchema-instance"
	xmlns:context="http://www.springframework.org/schema/context"
	xmlns:lang="http://www.springframework.org/schema/lang"
	xsi:schemaLocation="http://www.springframework.org/schema/beans http://www.springframework.org/schema/beans/spring-beans.xsd
		http://www.springframework.org/schema/context http://www.springframework.org/schema/context/spring-context-4.3.xsd
		http://www.springframework.org/schema/lang http://www.springframework.org/schema/lang/spring-lang-4.3.xsd">

    <bean id="collectionBeanMap" class="com.pcwk.ehr.coll.CollectionBeanMap">
        <!-- Map<String, String>  -->
        <property name="addressMap">
            <map>
                <entry>
                    <!-- Key -->
                    <key>
                        <value>제주도</value>
                    </key>
                    <!-- Value -->
                    <value>성산일출봉</value>
                </entry>
                <entry>
                    <!-- Key -->
                    <key>
                        <value>남해</value>
                    </key>
                    <!-- Value -->
                    <value>남해가천 다랭이마을</value>
                </entry>            
            </map>
        </property>
    
    </bean>
</beans>
