<?xml version="1.0" encoding="UTF-8"?>
<beans xmlns="http://www.springframework.org/schema/beans"
	xmlns:xsi="http://www.w3.org/2001/XMLSchema-instance"
	xsi:schemaLocation="http://www.springframework.org/schema/beans http://www.springframework.org/schema/beans/spring-beans.xsd">

    <bean id="collectionBeanProp" class="com.pcwk.ehr.coll.CollectionBeanProp">
        <property name="addressProps">
            <props>
                <prop key="제주도">성산일출봉</prop>
                <prop key="남해">남해가천 다랭이마을</prop>
            </props>
        </property>
    
    </bean>
</beans>
