<?xml version="1.0" encoding="UTF-8"?>
<beans xmlns="http://www.springframework.org/schema/beans"
	xmlns:xsi="http://www.w3.org/2001/XMLSchema-instance"
	xmlns:context="http://www.springframework.org/schema/context"
	xmlns:lang="http://www.springframework.org/schema/lang"
	xsi:schemaLocation="http://www.springframework.org/schema/beans http://www.springframework.org/schema/beans/spring-beans.xsd
		http://www.springframework.org/schema/context http://www.springframework.org/schema/context/spring-context-4.3.xsd
		http://www.springframework.org/schema/lang http://www.springframework.org/schema/lang/spring-lang-4.3.xsd">

     <bean id="collectionBeanList" class="com.pcwk.ehr.coll.CollectionBeanList">
        <property name="addressList">
            <list>
                <value>성산일출봉</value>
                <value>꽃지해수욕장</value>           
                <value>남해가천 다랭이마을</value>                          
            </list>
        </property>
     </bean>
</beans>
