<?xml version="1.0" encoding="UTF-8"?>
<beans xmlns="http://www.springframework.org/schema/beans"
	xmlns:xsi="http://www.w3.org/2001/XMLSchema-instance"
	xmlns:context="http://www.springframework.org/schema/context"
	xmlns:lang="http://www.springframework.org/schema/lang"
	xsi:schemaLocation="http://www.springframework.org/schema/beans http://www.springframework.org/schema/beans/spring-beans.xsd
		http://www.springframework.org/schema/context http://www.springframework.org/schema/context/spring-context-4.3.xsd
		http://www.springframework.org/schema/lang http://www.springframework.org/schema/lang/spring-lang-4.3.xsd">

        <!-- 기능적으로 분리된 XML read -->
        <import resource="/com/pcwk/ehr/tv-context.xml"/> 

        <bean id="appleSpeaker" class="com.pcwk.ehr.AppleSpeaker"></bean>
        <!-- SonySpeaker객체 생성 -->
        <bean id="sonySpeaker" class="com.pcwk.ehr.SonySpeaker"></bean>
        <bean id="samsungTv" class="com.pcwk.ehr.SamsungTv">
          <!-- Setter Injection 
               Setter이름         name속성
               
               setSpeaker        speaker
               setPrice          price
          -->
          <property name="price"   value="30000000"/>
          <property name="speaker" ref="sonySpeaker"/>
        </bean>
</beans>
