<?xml version="1.0" encoding="UTF-8"?>
<!DOCTYPE mapper PUBLIC "-//mybatis.org//DTD Mapper 3.0//EN" 
"http://mybatis.org/dtd/mybatis-3-mapper.dtd">
<mapper namespace="com.pcwk.ehr.board">
   <!-- I/D/S. One/U/Select list -->
    <sql id="searchCondition">
        <where>
            <choose>
                <when test=" '10' == searchDiv">
                     reg_id  LIKE #{searchWord} ||'%'
                </when>
                <when test=" '20' == searchDiv">
                     title  LIKE #{searchWord} ||'%'
                </when> 
                <when test=" '30' == searchDiv">
                     constents  LIKE #{searchWord} ||'%'
                </when>                               
            </choose>
        </where>
    </sql>
    
   <select id="doRetrieve" parameterType="SearchVO" resultType="BoardVO">
     SELECT A.*,B.*
     FROM(
		 SELECT tt1.rnum as num,                                                                                              
		        tt1.seq,                                                                                                   
		        tt1.title,                                                                                                 
		        tt1.reg_id as "regId",                                                                                                
		        CASE WHEN TO_CHAR(SYSDATE,'YYYY/MM/DD')=TO_CHAR(tt1.reg_dt,'YYYY/MM/DD') THEN TO_CHAR(tt1.reg_dt,'HH24:MI')
		             ELSE TO_CHAR(tt1.reg_dt,'YYYY/MM/DD')                                                                 
		        END as "regDt",                                                                                                
		        tt1.read_cnt                                                                                               
		 FROM(                                                                                                             
		     SELECT rownum rnum,T1.*                                                                                       
		     FROM(                                                                                                         
		         --최신글에 첫번째 보이도록 처리                                                                                     
		         SELECT /*+ INDEX_DESC(board PK_BOARD) */ *                                                                
		         FROM board                                                                                                
		         <include refid="searchCondition"/>                                                                                                
		         --검색조건        
		     )t1                                                                                             
		 )tt1                                                                                        
		 WHERE rnum BETWEEN #{pageSize}*(#{pageNum} -1) + 1   AND #{pageSize}*(#{pageNum} -1) + #{pageSize}
	)A
	CROSS JOIN
	(
	   SELECT COUNT(*) totalCnt
	   FROM board
	   <include refid="searchCondition"/>      
	)B
		  
   </select>


   <insert id="doInsert" parameterType="BoardVO">
    INSERT INTO BOARD (SEQ,TITLE,CONSTENTS,READ_CNT,REG_ID,REG_DT)
    VALUES (#{seq},#{title},#{constents},#{readCnt},#{regId},sysdate)
   </insert>
   
   <delete id="doDelete" parameterType="BoardVO">
    DELETE FROM board
    WHERE  SEQ = #{seq}
   </delete>
   
   <select id="doSelectOne" parameterType="BoardVO" resultType="BoardVO">
	SELECT seq,                                         
	   title,                                           
	   constents,                                       
	   read_cnt as "readCnt",                                        
	   reg_id   as "regId",                                          
	   TO_CHAR(reg_dt,'YYYY/MM/DD hh24:MI:SS') as "regDt" 
	FROM board                                          
	WHERE seq = #{seq}
   </select>
   
   <update id="doUpdate" parameterType="BoardVO">
    UPDATE board   
	SET title     = #{title},
	    constents = #{constents} 
	WHERE seq = #{seq}
   </update>
   
   
   <update id="doReadCntUpdate" parameterType="BoardVO">
	UPDATE board                     
	SET read_cnt = NVL(read_cnt,0)+1 
	WHERE seq = #{seq}  
   </update>
   
   
   
   
   
   
   
</mapper>  