<?xml version="1.0" encoding="UTF-8"?>
<project name="JAVA_SEMI_PRO" default="main" basedir=".">
	<property name="jdk.dir" location="C:\Program Files\Java\jdk1.8.0_251" />
	<property name="src" location="./src" />
	<property name="build" location="build" />
	<property name="dist" location="dist" />
	<property name="backup" location="backup" />
	<property name="lib" location="./lib" />
	<property name="doc" location="doc" />
	<property name="main-class" value="Hello" />

	<echo message="${lib}" />

	<!-- - - - - - - - - - - - - - - - - - 
          target: lib         
          depends: 의존성             
         - - - - - - - - - - - - - - - - - -->
	<path id="classpath">
		<fileset dir="${lib}/">
			<include name="*.jar" />
			
		</fileset>
	</path>
	<!-- =================================
          project 
           *name은 프로젝트의 이름이다. 사실 크게 중요하진 않다.
           *default는 중요한데 이 빌드에 특정한 명령을 주지 않는다면 저 default까지 만드는걸 목표로 삼는다는 것이다.
           *basedir은 빌드를 할 경로의 기준을 의미한다. .을쓴다면 현재 build.xml폴더의 위치를 기준점으로 삼는다는 것이다.
           
            *project는 여러개의 target으로 이루어져있으며 빌드의 목표는 결국 target이다.
                      우리는 target의 목표를 main으로 잡았다. 결국 실행하면 main target이 실행되게 된다.
         ================================= 
          target:하나의 작업
            taget안에는 총 2개의 작업이 있다. 하나는 javac이고 하나는 java
            *javac
            srcdir의 경우에는 빌드할 소스파일의 위치이다. 즉 java파일들의 위치이다.
            destdir의 경우에는 빌드한 파일을 위치할 경로이다. 즉 class파일들이 저장될 위치이다.
                                   
            - TSTAMP : 날짜 시간 등을 제공하는 TASK
            - COPY     : FILE을 원하는 폴더를 지정하여 복사하는 TASK
            - MKDIR    : dir 속성으로 폴더를 만드는 TASK
            - JAR        : JAR 생성 TASK
            - DELETE  : 디렉토리 및 소스 삭제 TASK
            - JAVAC    : SOURCE COMPILE TASK                                   
         ================================= -->


	<!-- TODO: source backup 
    
    -->

	<!-- - - - - - - - - - - - - - - - - - 
          target: init         
          depends: 의존성             
         - - - - - - - - - - - - - - - - - -->
	<target name="init" description="초기화" depends="clean">
		<mkdir dir="${dist}" />
		<mkdir dir="${build}" />
		<mkdir dir="${doc}" />
		<tstamp>
			<format property="DSTAMP" pattern="yyyyMMdd" />
			<format property="TSTAMP" pattern="HHmm" />
		</tstamp>
	</target>
	<!-- - - - - - - - - - - - - - - - - - 
          target: compile                      
         - - - - - - - - - - - - - - - - - -->
	<target name="backup" depends="init" description="source backup">
		<mkdir dir="${backup}/${DSTAMP}" />
		<copy todir="${backup}/${DSTAMP}">
			<fileset dir="${src}" />
		</copy>
	</target>
	<!-- - - - - - - - - - - - - - - - - - 
          target: compile                      
         - - - - - - - - - - - - - - - - - -->
	<target name="compile" depends="backup" description="compile the source">
		<javac srcdir="${src}" executable="${jdk.dir}/bin/javac" destdir="${build}" classpathref="classpath" includeantruntime="false" encoding="UTF-8" verbose="false">
			
		</javac>
        <copy todir="${build}">
            <fileset dir="${src}" >
               <include name="*.properties" />
               <exclude name="*.java" />
            </fileset>
        </copy>		
	</target>

	<!-- - - - - - - - - - - - - - - - - - 
          target: main run         
          depends: 의존성             
         - - - - - - - - - - - - - - - - - -->
	<target name="main" depends="clean,compile" description="main실행">
		<java classpath="./bin" classname="${main-class}">
		</java>
	</target>

	<!-- - - - - - - - - - - - - - - - - - 
          target:jar생성
            D:\20201123_eClass\01_JAVA\workspace\JAVA_SEMI_PRO\dist>java -jar JAVA_1229ANT_20201229.jar
            +++++++++++++++++++
            +Hello++++++++++++
            +++++++++++++++++++          
    - - - - - - - - - - - - - - - - - -->
	<target name="dist" depends="compile" description="jar생성">
		<mkdir dir="${dist}" />
		<jar jarfile="${dist}/JAVA_1229ANT_${DSTAMP}.jar" basedir="${build}">
			<zipgroupfileset dir="${lib}" includes="*.jar" />
			<manifest>
				<attribute name="Main-Class" value="${main-class}" />
				<attribute name="Build-Path" value="classpath" />
			</manifest>
		</jar>
	</target>

	<!-- - - - - - - - - - - - - - - - - - 
          target:clean up
    - - - - - - - - - - - - - - - - - -->
	<target name="clean" description="clean up">
		<delete dir="${build}" />
		<delete dir="${dist}" />
	</target>
	<!-- - - - - - - - - - - - - - - - - - 
          target:javadoc
    - - - - - - - - - - - - - - - - - -->
	<target name="javadoc">
		<delete dir="${doc}" />
		<javadoc destdir="${doc}" Verbose="true" docencoding="UTF-8" locale="ko_KR" encoding="UTF-8" charset="UTF-8" maxmemory="2048m" useexternalfile="yes" version="true" additionalparam="-Xdoclint:none" failonerror="no" author="true" sourcepath="${src}" />
	</target>
</project>