<?xml version="1.0" encoding="UTF-8"?>
<project name="WEB_H01" >
	<property environment="env" />	
	<property file="eclass_dev.properties" />
	<property name="prod.name"   value="WEB_H01" />
	<property name="prod.versin" value="0.3" />
	<property name="base.dir"    value="." />
	<property name="release.dir" value="release" />
	<property name="src.dir"     value="src" />
	<property name="web.dir"     location="WebContent" />
	<property name="web.classes" value="WebContent/WEB-INF/classes" />
	<property name="web.lib" value="WebContent/WEB-INF/lib" />
	<property name="tomcat.dir" value="D:/20201123_eClass/02_Oracle/soc/apache-tomcat-9.0.41" />
	<property name="war.file" value="${prod.name}.war" />
	<property name="dist.dir" value="/resource/${prod.name}" />
	<property name="deploy.dir" value="/resource/pkg" />
	<property name="backup" location="backup" />
	<property name="doc" value="doc" />
	

	<echo message="${web.dir}" />

	<!-- - - - - - - - - - - - - - - - - - 
          target: lib         
          depends: 의존성             
         - - - - - - - - - - - - - - - - - -->
	<path id="classpath" path="${base.dir}">
		
		<fileset dir="${web.lib}" includes="*.jar"/>
		<fileset dir="${tomcat.dir}/lib" includes="*.jar"/>
	</path>
	<!-- =================================
          project 
           *name은 프로젝트의 이름이다. 사실 크게 중요하진 않다.
           *default는 중요한데 이 빌드에 특정한 명령을 주지 않는다면 저 default까지 만드는걸 목표로 삼는다는 것이다.
           *basedir은 빌드를 할 경로의 기준을 의미한다. .을쓴다면 현재 build.xml폴더의 위치를 기준점으로 삼는다는 것이다.
           
            *project는 여러개의 target으로 이루어져있으며 빌드의 목표는 결국 target이다.
                      우리는 target의 목표를 main으로 잡았다. 결국 실행하면 main target이 실행되게 된다.
         ================================= 
          target:하나의 작업
            taget안에는 총 2개의 작업이 있다. 하나는 javac이고 하나는 java
            *javac
            srcdir의 경우에는 빌드할 소스파일의 위치이다. 즉 java파일들의 위치이다.
            destdir의 경우에는 빌드한 파일을 위치할 경로이다. 즉 class파일들이 저장될 위치이다.
                                   
            - TSTAMP : 날짜 시간 등을 제공하는 TASK
            - COPY     : FILE을 원하는 폴더를 지정하여 복사하는 TASK
            - MKDIR    : dir 속성으로 폴더를 만드는 TASK
            - JAR        : JAR 생성 TASK
            - DELETE  : 디렉토리 및 소스 삭제 TASK
            - JAVAC    : SOURCE COMPILE TASK                                   
         ================================= -->


	<!-- TODO: source backup 
    
    -->
	<!-- - - - - - - - - - - - - - - - - - 
          target:clean up
    - - - - - - - - - - - - - - - - - -->
	<target name="clean" description="clean up">
		<delete dir="${dist.dir}" includes="**/*" />
	</target>
	<!-- - - - - - - - - - - - - - - - - - 
          target: init         
          depends: 의존성             
         - - - - - - - - - - - - - - - - - -->
	<target name="init" description="초기화" depends="clean">
		<mkdir dir="${dist.dir}" />
		<mkdir dir="${doc}" />
		<tstamp>
			<format property="DSTAMP" pattern="yyyyMMdd" />
			<format property="TSTAMP" pattern="HHmm" />
		</tstamp>
	</target>
	<!-- - - - - - - - - - - - - - - - - - 
          target: compile                      
         - - - - - - - - - - - - - - - - - -->
	<target name="backup" depends="init" description="source backup">
		<mkdir dir="${backup}/${DSTAMP}" />
		<copy todir="${backup}/${DSTAMP}">
			<fileset dir="${src.dir}" />
			<fileset dir="${web.dir}" />
		</copy>
	</target>
	<!-- - - - - - - - - - - - - - - - - - 
          target: compile                      
         - - - - - - - - - - - - - - - - - -->
	<target name="compile" depends="backup" description="compile the source">
		<mkdir dir="${release.dir}"/>
		<javac 
			srcdir="${src.dir}" 
			executable="${jdk.dir}/bin/javac" 
			source="1.8"
			target="1.8"
			debug="true"
			deprecation="off"
			listfiles="no"
			failonerror="true"
			destdir="${dist.dir}" 
			classpathref="classpath" 
			includeantruntime="false" 
			encoding="UTF-8" 
			verbose="false">
		</javac>
        <copy todir="${build}">
            <fileset dir="${src.dir}" >
               <include name="*.properties" />
               <exclude name="*.java" />
            </fileset>
        </copy>		
	</target>

	<!-- - - - - - - - - - - - - - - - - - 
          target: build                      
         - - - - - - - - - - - - - - - - - -->
    <target name="build" depends="compile">
    	<delete file="${war.file}"/>
    	<war destfile="${war.file}" webxml="${web.dir}/WEB-INF/web.xml" >
    		<fileset dir="${web.dir}" excludes="**/*.java"/>
    		<classes dir="${release.dir}">
    			<include  name="**/*.class"/>
    		</classes>
    		<classes dir="${src.dir}">
    			<include  name="**/*.xml"/>
    		</classes>    		
    		
    	</war>
    </target>
	<!-- - - - - - - - - - - - - - - - - - 
          target:jar생성
            D:\20201123_eClass\01_JAVA\workspace\JAVA_SEMI_PRO\dist>java -jar JAVA_1229ANT_20201229.jar
            +++++++++++++++++++
            +Hello++++++++++++
            +++++++++++++++++++          
    - - - - - - - - - - - - - - - - - -->
	<target name="dist" depends="build" description="tomcat_copy">
		  <copy file="${war.file}" todir="${deploy.dir}"/>
          <delete dir="${release.dir}"  />
	</target>


	<!-- - - - - - - - - - - - - - - - - - 
          target:javadoc
    - - - - - - - - - - - - - - - - - -->
	<target name="javadoc">
		<delete dir="${doc}" />
		<javadoc destdir="${doc}" Verbose="true" docencoding="UTF-8" locale="ko_KR" encoding="UTF-8" charset="UTF-8" maxmemory="2048m" useexternalfile="yes" version="true" additionalparam="-Xdoclint:none" failonerror="no" author="true" sourcepath="${src}" />
	</target>
</project>