<?xml version="1.0" encoding="UTF-8"?>
<beans xmlns="http://www.springframework.org/schema/beans"
	xmlns:xsi="http://www.w3.org/2001/XMLSchema-instance"
	xmlns:context="http://www.springframework.org/schema/context"
	xmlns:lang="http://www.springframework.org/schema/lang"
	xmlns:aop="http://www.springframework.org/schema/aop"
	xmlns:p="http://www.springframework.org/schema/p"
	xmlns:tx="http://www.springframework.org/schema/tx"
	xsi:schemaLocation="http://www.springframework.org/schema/beans http://www.springframework.org/schema/beans/spring-beans.xsd
		http://www.springframework.org/schema/context http://www.springframework.org/schema/context/spring-context-4.3.xsd
		http://www.springframework.org/schema/lang http://www.springframework.org/schema/lang/spring-lang-4.3.xsd
		http://www.springframework.org/schema/aop http://www.springframework.org/schema/aop/spring-aop-4.3.xsd
		http://www.springframework.org/schema/tx http://www.springframework.org/schema/tx/spring-tx-4.3.xsd">
    <!-- properties read
         /resource/config/database.properties
     -->
    <context:property-placeholder
       location="classpath:/resource/config/database.properties"
    />
    <!-- 트랜잭션  -->
    <!-- 트랜잭션 advice --> 
    <!-- 
        tx:method : 트랜잭션 적용 메소드, 트랜잭션 미적용 메서드
        name      : 트랜잭션 적용 메소드, 트랜잭션 미적용 메서드
        read-only : 읽기전용 지정
        rollback-for: 트랜잭션을 롤백할 예외
        no-rollback-for: 트랜잭션을 롤백 하지 않을 예외지정
     -->
    <tx:advice id="txAdvice" transaction-manager="transactionManager">
        <tx:attributes>
            <tx:method name="up*" read-only="false"/>
            <tx:method name="do*" read-only="true"/>
        </tx:attributes>
    </tx:advice>
    
    <!-- aop설정 -->
    <!-- 
    * com.pcwk.ehr..*ServiceImpl.*(..)
    모든 리턴형,
    com.pcwk.ehr로 시작하는 패키지
    *ServiceImpl : 로끝나는 클래스만
    *:모든 메서드
    (..) : 모든 파라메터
     -->
    <aop:config>
        <aop:pointcut id="txPointcut" expression="execution(* com.pcwk.ehr..*ServiceImpl.*(..))" />
        <aop:advisor advice-ref="txAdvice" pointcut-ref="txPointcut"/>
    </aop:config>
    
    
    <!-- 트랜잭션 매니저 --> 
    <bean id="transactionManager"
        class="org.springframework.jdbc.datasource.DataSourceTransactionManager">
        <property name="dataSource" ref="dataSource" />
    </bean>
        
    <!-- DBCP -->
    <!-- DataSource구형 class  SimpleDriverDataSource-->
    <bean id="dataSource" class="org.apache.commons.dbcp.BasicDataSource">
        <property name="driverClassName" value="${jdbc.driverClass}"/>
        <property name="url"             value="${jdbc.url}"/>
        <property name="username"        value="${jdbc.username}"/>
        <property name="password"        value="${jdbc.password}"/>
        <!-- 최대 접속 허용 갯수 -->
        <property name="maxActive" value="${jdbc.maxActive}" />
        <!-- 여분으로 남겨질 Connection -->
        <property name="maxIdle" value="${jdbc.maxIdle}"/>
        <!-- DB연결 대기 시간 -->
        <property name="maxWait" value="${jdbc.maxWait}" />
        <!-- Connection 잘못 관리되어 버려진 연결 찾아 재활용 -->
        <property name="removeAbandoned" value="${jdbc.removeAbandoned}"/>
        <!-- 버려진 연결로 인식할 기본 시간 -->
        <property name="removeAbandonedTimeout" value="${jdbc.removeAbandonedTimeout}"/>
    </bean>

    <!-- 트랜잭션 -->
    
    
	<!--4. JavaMailSenderImpl: 전송가능한 mail설정 -->
    <bean id="mailSenderImpl" class="org.springframework.mail.javamail.JavaMailSenderImpl">
        <property name="host" value="smtp.naver.com" />
        <property name="port" value="465" />
        <property name="username" value="jamesol@naver.com" />
        <property name="password" value="" />
        <property name="defaultEncoding" value="utf-8" />
        <property name="javaMailProperties">
            <props>
                <prop key="mail.smtp.host">smtp.naver.com</prop>
                <prop key="mail.smtp.port">465</prop>
                <prop key="mail.smtp.auth">true</prop>
                <prop key="mail.smtp.ssl.protocols">TLSv1.2</prop>
                <prop key="mail.smtp.ssl.enable">true</prop>
                <prop key="mail.smtp.ssl.trust">smtp.naver.com</prop>
                <prop key="mail.debug">true</prop>
            </props>
        </property>
    </bean>
	<!-- DummiMailSender -->
	<bean id="dummyMailSender" class="com.pcwk.ehr.DummyMailSender"></bean>


	<!-- dao -->
	<bean id="userDao" class="com.pcwk.ehr.member.dao.UserDaoImpl">
		<property name="dataSource" ref="dataSource" />
	</bean>


	<!-- service -->
	<bean id="userServiceImpl" class="com.pcwk.ehr.member.service.UserServiceImpl">
		<property name="userDao" ref="userDao" />
		<property name="mailSender" ref="dummyMailSender"/>
	</bean>
	
<!-- 	<bean id="userServiceTx" class="com.pcwk.ehr.UserServiceTx">
	   <property name="transactionManager" ref="transactionManager"/>
	   <property name="userService" ref="userServiceImpl" />
	</bean> -->
	
	
	
	
	
	
	
</beans>
